a_1_student_id,a_2_gender,a_3_class_group,average_course_evaluation_rating,sentiment,text,clean_text,dominant_topic,topic_label,topic_probability
1,Male,Group A,4.9091,positive,The teacher was engaging More group time to work on group activities,teacher engaging group time work group activity,3,"Topic 4: topic, lab, data, practical",0.8638144121520565
2,Male,Group A,5.0,positive,Nothing Teaching was on time More quizes,nothing teaching time quiz,4,"Topic 5: lab, module, work, depth",0.79754817668039
3,Male,Group A,3.4545,negative,Well detailed notes Well explained concepts More clear instructions given out during the lab work,well detailed note well explained concept clear instruction given lab work,4,"Topic 5: lab, module, work, depth",0.818350767984928
4,Male,Group A,3.6364,negative,The Lab works and Quizes More engaging lessons,lab work quiz engaging lesson,3,"Topic 4: topic, lab, data, practical",0.8633722539750308
5,Male,Group A,4.6364,positive,Interactive teaching and use of analogies Everything's seemingly fine,interactive teaching use analogy everything seemingly fine,3,"Topic 4: topic, lab, data, practical",0.6338231192316104
6,Male,Group A,3.0,negative,Calm class Introduce small class engagements and all,calm class introduce small class engagement,3,"Topic 4: topic, lab, data, practical",0.7994024972086291
7,Male,Group A,4.3636,neutral,It is involving and practical Relevant in real life application,involving practical relevant real life application,3,"Topic 4: topic, lab, data, practical",0.8649259639087276
8,Male,Group A,4.4545,neutral,"would require more research, not sure of what may be added. none, i believe all topics so far are relevant to the unit relation of content with application to the real world. probably less group work, more individual tasks to push someone to further explore on a certain matter.",would require research sure may added none believe topic far relevant unit relation content application real world probably less group work individual task push someone explore certain matter,1,"Topic 2: content, slide, work, group",0.5238646187877252
9,Male,Group A,4.5455,neutral,"In my opinion, the topics covered are sufficient. They cover practically everything we need to know for business intelligence at this current level. Although I would have loved to spend more time on time-series analysis and forecasting In my opinion, I don't think any topics should be removed I liked the split between the practicals and theory, gave a good way to practice was we learnt in the theory lessons, helping retain the information and understanding I also liked the structure of how the topics were arranged. Everything was very clear and well explained During the labs, I didn't like the fact that due to the difference in systems, some labs couldn't be done by everyone. For example personally I couldn't do much of the docker labs",opinion topic covered sufficient cover practically everything need know business intelligence current level although would loved spend time time series analysis forecasting opinion think topic removed liked split practicals theory gave good way practice learnt theory lesson helping retain information understanding also liked structure topic arranged everything clear well explained lab like fact due difference system lab done everyone example personally much docker lab,3,"Topic 4: topic, lab, data, practical",0.9797146942197099
10,Male,Group A,4.6364,positive,Data science and Data analysis,data science data analysis,3,"Topic 4: topic, lab, data, practical",0.7984362914838536
11,Female,Group A,4.0909,neutral,Learning kmeans Learning APIs Please have make up CATS because things genuinely happen and it's so unfair to the affected parties,learning kmeans learning apis please make cat thing genuinely happen unfair affected party,4,"Topic 5: lab, module, work, depth",0.42865675874369774
12,Male,Group A,4.6364,positive,"None, the current ones are sufficient The lecture was very practical, a clear separation of theory and the practical to further reinforce learning Introduce BI somewhere in third year, to allow students to further appreciate the unit and have a deeper understanding towards it",none current one sufficient lecture practical clear separation theory practical reinforce learning introduce somewhere third year allow student appreciate unit deeper understanding towards,3,"Topic 4: topic, lab, data, practical",0.9323804650240356
13,Male,Group A,4.3636,neutral,Artificial Intelligence Dashboarding The mode of content delivery and assessment More quizzes,artificial intelligence dashboarding mode content delivery assessment quiz,1,"Topic 2: content, slide, work, group",0.8836131939763199
14,Male,Group A,3.3636,negative,"In my opinion,iI think we should be diving more on real word topics in time series forecasting,for example explaining the financial market(This is for BI 2) Automation As there is a shift in the tech world with AI,in my opinion we should be taught jow to maximisze our skills using AI In my opinion, Relational databases I like that everything tested was covered,i liked the fact that we were challenged to do better and to push ourskeves More engagements, not just completing the labs And the university's machines were crashing sometimes on heavy labs on data engineering",opinion think diving real word topic time series forecasting example explaining financial market automation shift tech world opinion taught jow maximisze skill using opinion relational database like everything tested covered liked fact challenged better push ourskeves engagement completing lab university machine crashing sometimes heavy lab data engineering,3,"Topic 4: topic, lab, data, practical",0.9330449729682693
15,Male,Group A,3.2727,negative,A project with a real business scenario through all modules The merging between practical and theoretical knowledge A project with a real business scenario through out the modules to help understand business intelligence real life activities,project real business scenario module merging practical theoretical knowledge project real business scenario module help understand business intelligence real life activity,3,"Topic 4: topic, lab, data, practical",0.9087562372228669
16,Female,Group A,3.8182,negative,Not sure The content delivery and overall flow of content Reducing the number of lab submissions made throughout the semester,sure content delivery overall flow content reducing number lab submission made throughout semester,1,"Topic 2: content, slide, work, group",0.9187667203784853
17,Male,Group B,3.4545,negative,"Very Practical Business Intelligence as a major should be selected in 3rd year, allowing 2 years of learning. At some point the depth of the topics and the fast moving nature of a semester made this feel like a crash course. Most of the interest points can be explored after the course, however if the 8 topics were spread all through allowing us to fully immerse ourselves into the content, we would be industry ready by the end of our 4th year - positioning us strategically.",practical business intelligence major selected year allowing year learning point depth topic fast moving nature semester made feel like crash course interest point explored course however topic spread allowing fully immerse content would industry ready end year positioning strategically,3,"Topic 4: topic, lab, data, practical",0.9571306628923316
18,Male,Group A,4.5455,neutral,"I do not have a topic to suggest or add upon the already existing ones None, I believe all topics are required in the curriculum I like how the labs help with the practical knowledge of the concepts. I also like how there are explanation videos in the slides I would like more analogies used when teaching.",topic suggest add upon already existing one none believe topic required curriculum like lab help practical knowledge concept also like explanation video slide would like analogy used teaching,3,"Topic 4: topic, lab, data, practical",0.9546250395299662
19,Male,Group A,4.7273,positive,I liked the practical approach to the modules using the labs and also enjoyed the effort put in to show real world applications of concepts learnt in class Reduced number of slides,liked practical approach module using lab also enjoyed effort put show real world application concept learnt class reduced number slide,3,"Topic 4: topic, lab, data, practical",0.948678166293518
20,Female,Group A,4.2727,neutral,Big Data Fundamentals and analyics I liked the practical examples that were used to understand theory work The lecturer clarified parts that were not easily understood at first Students should set clear concise goals at the beginning of the semester about what they expect to learn from the course.,big data fundamental analyics liked practical example used understand theory work lecturer clarified part easily understood first student set clear concise goal beginning semester expect learn course,3,"Topic 4: topic, lab, data, practical",0.7899256568368815
21,Female,Group A,4.9091,positive,The mathematics included in BI2 especially in time series forecasting The method of explaining concepts No recommendations,mathematics included especially time series forecasting method explaining concept recommendation,4,"Topic 5: lab, module, work, depth",0.676477813481622
22,Male,Group A,3.7273,negative,1.How practical the module was 2.The group work helped me improve my collaboration skills,practical module group work helped improve collaboration skill,1,"Topic 2: content, slide, work, group",0.8979991813401573
23,Male,Group A,4.2727,neutral,"Generative AI/Adversarial networks (GANs), Computer Vision, and more emphasis on Neural Networks Clustering and Association Rule Mining 1. The topics were developed very clearly and logically, and technical concepts were explained very clearly; making it so that my understanding was enriched throughout. 2. The assignments (particularly the labs) were very insightful, and clearly outlined such that I could follow along and learn concepts that were initially very abstract in the theory classes. There are many assignments that appear to be addressing the same areas within each topic. The reflective journal for example may be integrated elsewhere to avoid duplicate responses derived from other assignments, such as the labs.",generative adversarial network gans computer vision emphasis neural network clustering association rule mining topic developed clearly logically technical concept explained clearly making understanding enriched throughout assignment particularly lab insightful clearly outlined could follow along learn concept initially abstract theory class many assignment appear addressing area within topic reflective journal example may integrated elsewhere avoid duplicate response derived assignment lab,0,"Topic 1: lab, taught, assignment, concept",0.7215517590957746
24,Male,Group A,4.2727,neutral,"none because the topics that were covered met my expectations and it was well outlined by the course outline and the lecturer none i liked learning data analytics and visualizations, clustering and association rule mapping, also the practical implementation of these two modules. i also liked dashboarding and customer facing analytics to reduce the number of slides, they are very many. some modules like regression had 300 slides which is a lot to read and master all the content in it",none topic covered met expectation well outlined course outline lecturer none liked learning data analytics visualization clustering association rule mapping also practical implementation two module also liked dashboarding customer facing analytics reduce number slide many module like regression slide lot read master content,1,"Topic 2: content, slide, work, group",0.9715761625343455
25,Female,Group A,3.4545,negative,The journals and quizzes Doing physical cat 1 and cat 2 so that we don't have a lot to revise for the only cat we have,journal quiz physical cat cat lot revise cat,1,"Topic 2: content, slide, work, group",0.8990549275706118
26,Male,Group A,4.8182,positive,Continuous intelligence and Data collaboration 1. The variety of sodtware we learnt to use through practice. 2. The amount of practice enabled through various labs. The slides could be more organised to make it easier to go through,continuous intelligence data collaboration variety sodtware learnt use practice amount practice enabled various lab slide could organised make easier,3,"Topic 4: topic, lab, data, practical",0.9327645966347198
27,Female,Group A,3.5455,negative,none none I liked the practical labs; they encourgaed critical thinking and problem-solving. I appreciated the strict deadlines because they encouraged discipline and planning ahead I liked the reflective journals because they allowed me to recall and be honest with my understanding in the topics I have none,none none liked practical lab encourgaed critical thinking problem solving appreciated strict deadline encouraged discipline planning ahead liked reflective journal allowed recall honest understanding topic none,3,"Topic 4: topic, lab, data, practical",0.5487459172490663
28,Female,Group A,3.9091,neutral,"How practical it is in daily life and how it has expanded my knowledge especially on Investments and prediction analysis which is a field I want to pursue in my career. Moreover, the fact that there was material to refer to is a positive aspect of the lab which made doing practical assignments more manageable The content is quite vast... it probably should start in 3rd year because retaining all this knowledge in the span of 2 months... i.e BI 1 and BI 2 is a bit difficult and leads me to cram the content most of the time rather than try and understand it",practical daily life expanded knowledge especially investment prediction analysis field want pursue career moreover fact material refer positive aspect lab made practical assignment manageable content quite vast probably start year retaining knowledge span month bit difficult lead cram content time rather try understand,1,"Topic 2: content, slide, work, group",0.454551537119564
29,Female,Group A,4.4545,neutral,Continous intelligence The lecturer was very detail oriented and had immense knowledge on all the topics being covered. I enjoyed doing the labs since they gave me a better understanding of all the topics and how to work through all the applications and platforms. The lecture notes were very long. Reading for the CAT was very hard since all the concepts from business intelligence 1 and business intelligence 2 were put together,continous intelligence lecturer detail oriented immense knowledge topic covered enjoyed lab since gave better understanding topic work application platform lecture note long reading cat hard since concept business intelligence business intelligence put together,3,"Topic 4: topic, lab, data, practical",0.8353365570786958
30,Female,Group A,4.9091,positive,"I think that neural networks should be a topic on its own to be explored more in-depth. The course is very well structured and follows a logical flow from the BI 1 and BI 2. All steps outlined in KDD are covered throughout the course, and I have learnt a lot about data pipeline, pre-processing, training and deploying models. I think that every topic was explained in-depth, which helped me gain understanding about concepts that I would not have been able to achieve if I worked independently. I also enjoyed the lab tasks as they helped me understand the concepts more practically and enhanced the way I approached different problems. The lecturer is also very organised, in terms of both notes and assigning coursework, and knowledgeable, which I think enhanced the learning experience overall. In my opinion, more labs should be assigned to individuals (or slightly smaller groups) if possible. I think this will help learners in future classes be a little more independent and learn more from the labs.",think neural network topic explored depth course well structured follows logical flow step outlined kdd covered throughout course learnt lot data pipeline pre processing training deploying model think every topic explained depth helped gain understanding concept would able achieve worked independently also enjoyed lab task helped understand concept practically enhanced way approached different problem lecturer also organised term note assigning coursework knowledgeable think enhanced learning experience overall opinion lab assigned individual slightly smaller group possible think help learner future class little independent learn lab,4,"Topic 5: lab, module, work, depth",0.6912251456602915
31,Female,Group A,4.4545,neutral,"The modules made sense and there was a logical flow of ideas. I most especially enjoyed the Module on TIme series, Association Rule Mining and Natural Language Processing. In my opinion, when the lecturer is teaching he makes everything sound very important(i dont know if this makes sense, also not necessarily a negative thing) .I often end the class feeling overwhelmed and drained. I am not sure on what recommendations to give on this. In addition, I was having a hard time doing the lab work. I suggest that maybe more explanations during class on how to do the lab work and have an example.",module made sense logical flow idea especially enjoyed module time series association rule mining natural language processing opinion lecturer teaching make everything sound important dont know make sense also necessarily negative thing often end class feeling overwhelmed drained sure recommendation give addition hard time lab work suggest maybe explanation class lab work example,4,"Topic 5: lab, module, work, depth",0.9765780437440729
32,Female,Group A,4.5455,neutral,none all the topics are relevant it was engaging with the use of labs none,none topic relevant engaging use lab none,3,"Topic 4: topic, lab, data, practical",0.8653778602841544
33,Male,Group A,4.0909,neutral,1. The in depth lectures where the theory lessons translated into practical examples which were demonstrated through the labs. 2. Writing the reflective journals after each module helped solidify the concepts learnt Implementation of more catch up sessions where the lecturer guides us more through the labs,depth lecture theory lesson translated practical example demonstrated lab writing reflective journal module helped solidify concept learnt implementation catch session lecturer guide lab,4,"Topic 5: lab, module, work, depth",0.7374078387148864
34,Male,Group A,4.5455,neutral,THe R stack none The labs and projects really help me grasp the content The lecturer is very patient and understanding More Labs,stack none lab project really help grasp content lecturer patient understanding lab,3,"Topic 4: topic, lab, data, practical",0.5679441075113956
35,Female,Group A,4.7273,positive,1. I liked the supplementary videos in between the lecture slides that assisted me gain better understanding of the concepts. 2. The additional notes in the lecture slides helped explain the concepts better. 3. The slides were comprehensive. Cats to be uniform across all groups,liked supplementary video lecture slide assisted gain better understanding concept additional note lecture slide helped explain concept better slide comprehensive cat uniform across group,1,"Topic 2: content, slide, work, group",0.8528444975528569
36,Male,Group A,4.4545,neutral,"Data mining 1. The seamless flow between the different modules acted as building blocks for better understanding of the next module 2. The technical integration to every module learnt If the school could provide hardware with better specs , for the unit is labour intensive on the machinery",data mining seamless flow different module acted building block better understanding next module technical integration every module learnt school could provide hardware better spec unit labour intensive machinery,1,"Topic 2: content, slide, work, group",0.9491251796254114
38,Male,Group A,4.5455,neutral,"Not sure How applicable it is in real life Learning new things Before getting into BI, maybe a short course on frontend and backend since BI is very technical",sure applicable real life learning new thing getting maybe short course frontend backend since technical,4,"Topic 5: lab, module, work, depth",0.9186987417877546
39,Male,Group C,5.0,positive,"The history of Development apps for example like DataGrip. Why they originate and maintained from Europe - eg a Czech company. Education on Data theft and privacy issues, and The impacts on EU and US data policies. Hands on coding practice, Writing module reflections, Watching Assignments, Comprehensive Assessment. Giving more and more assignments, Inviting an Industry professional from a well known company whose shares are traded on the Nairobi Securities Exchange (NSE) in Kenya to give a talk.",history development apps example like datagrip originate maintained europe czech company education data theft privacy issue impact data policy hand coding practice writing module reflection watching assignment comprehensive assessment giving assignment inviting industry professional well known company whose share traded nairobi security exchange nse kenya give talk,3,"Topic 4: topic, lab, data, practical",0.9458118437308929
40,Female,Group C,5.0,positive,"I have no opinion/topic suggestion. I have no opinion/topic suggestion. The lecturer is nice and well-organized, he explains concepts well and is open to student opinions. In Business Intelligence II, I appreciated how the concept of quizzes, group work labs where everyone has to commit something and the reflective journals really enable one to think deeply about what you have learnt thus content retention. Early preparation that the labs in this unit require applications that are storage consuming.",opinion topic suggestion opinion topic suggestion lecturer nice well organized explains concept well open student opinion business intelligence appreciated concept quiz group work lab everyone commit something reflective journal really enable one think deeply learnt thus content retention early preparation lab unit require application storage consuming,3,"Topic 4: topic, lab, data, practical",0.88382933152271
41,Male,Group C,5.0,positive,None at the moment none at the moment The labs and the quizzes. More lab group work.,none moment none moment lab quiz lab group work,0,"Topic 1: lab, taught, assignment, concept",0.5262440785529883
42,Female,Group C,4.2727,neutral,- - Group works and quizzes -,group work quiz,1,"Topic 2: content, slide, work, group",0.7983440719053511
43,Female,Group C,4.0909,neutral,"It was thorough, and the course is interesting Less slides, 800 slides for one unit(BI 1) is overwhelming",thorough course interesting less slide slide one unit overwhelming,1,"Topic 2: content, slide, work, group",0.864780489996729
44,Male,Group C,4.2727,neutral,group and evaluation methords of teaching The notes are abit too many,group evaluation methords teaching note abit many,3,"Topic 4: topic, lab, data, practical",0.7962965113076166
45,Male,Group C,5.0,positive,"In my opinion, the Business Intelligence I and II curriculum could be enhanced by including more practical and emerging topics that reflect current trends in data-driven decision-making. For example: Data Visualization and Storytelling Tools – Hands-on training with tools like Power BI, Tableau, or Looker to help students communicate insights effectively. Big Data Analytics – Understanding how to process and analyze large-scale datasets using modern platforms like Hadoop or Spark. Machine Learning for Business Insights – Introducing predictive analytics, classification models, and AI integration for real-world business forecasting. Cloud-Based BI Solutions – Exposure to BI tools on AWS, Google Cloud, or Azure to understand how organizations are migrating analytics to the cloud. Data Governance and Ethics – Discussing data privacy, compliance (e.g., GDPR), and responsible use of business data. In my opinion, some of the basic theoretical or overly introductory topics could be reduced or removed from the Business Intelligence I and II curriculum to make room for more practical, hands-on learning. For example, the extended coverage of traditional database concepts (like basic SQL operations or data warehousing theory) could be shortened, since these are usually covered in earlier courses. 1.I liked how the course combined both theoretical and practical aspects of Business Intelligence, allowing me to understand concepts and then apply them in real-world scenarios. 2.The lecturer’s clarity and engagement made complex topics easier to grasp, and the use of practical exercises and class discussions helped reinforce understanding. 1.I recommend including more hands-on projects and case studies using real datasets and BI tools. This would help students better understand how Business Intelligence is applied in real business environments and strengthen their practical skills.",opinion business intelligence curriculum could enhanced including practical emerging topic reflect current trend data driven decision making example data visualization storytelling tool hand training tool like power tableau looker help student communicate insight effectively big data analytics understanding process analyze large scale datasets using modern platform like hadoop spark machine learning business insight introducing predictive analytics classification model integration real world business forecasting cloud based solution exposure tool aws google cloud azure understand organization migrating analytics cloud data governance ethic discussing data privacy compliance gdpr responsible use business data opinion basic theoretical overly introductory topic could reduced removed business intelligence curriculum make room practical hand learning example extended coverage traditional database concept like basic sql operation data warehousing theory could shortened since usually covered earlier course liked course combined theoretical practical aspect business intelligence allowing understand concept apply real world scenario lecturer clarity engagement made complex topic easier grasp use practical exercise class discussion helped reinforce understanding recommend including hand project case study using real datasets tool would help student better understand business intelligence applied real business environment strengthen practical skill,3,"Topic 4: topic, lab, data, practical",0.954730458385343
46,Female,Group C,5.0,positive,#NAME? None at the moment. Everything is okay so far.,name none moment everything okay far,1,"Topic 2: content, slide, work, group",0.48989184080191317
47,Male,Group C,3.7273,negative,"BI and Emerging technologies such as AI and blockchain The consistency was good from the lecturer which was engaging, the labs and groups work was useful To be taken to career industry and career talks",emerging technology blockchain consistency good lecturer engaging lab group work useful taken career industry career talk,0,"Topic 1: lab, taught, assignment, concept",0.9249646641288682
48,Female,Group C,4.7273,positive,"I think it's okay as it is All topics have been helpful I like the structure and how each module kind of builds on the previous. I enjoy the different learning methods i.e labs, quizzes and group work A known certification associated with the unit would be nice",think okay topic helpful like structure module kind build previous enjoy different learning method lab quiz group work known certification associated unit would nice,1,"Topic 2: content, slide, work, group",0.9456541583338037
49,Female,Group C,4.0,neutral,Good explanations of points Clear points Less slides on notes,good explanation point clear point less slide note,3,"Topic 4: topic, lab, data, practical",0.8643644525969425
50,Male,Group C,5.0,positive,The content is more than enough unless for further studies they are all useful the interaction with Git was really nice and learning about tools maybe shortening of slides,content enough unless study useful interaction git really nice learning tool maybe shortening slide,1,"Topic 2: content, slide, work, group",0.9186447474007154
51,Male,Group C,3.9091,neutral,more on python none it was very interactive and very well taught it is okay,python none interactive well taught okay,0,"Topic 1: lab, taught, assignment, concept",0.7966626744726742
52,Male,Group C,2.3636,negative,None. The content is already a lot quizes and practical assignments The knowledge provided in this Unit is unbelievably excess,none content already lot quiz practical assignment knowledge provided unit unbelievably excess,1,"Topic 2: content, slide, work, group",0.9099236269243085
53,Male,Group C,4.3636,neutral,The content satisfactory Getting hands on with the labs Getting to create and use the models Less bulky content,content satisfactory getting hand lab getting create use model less bulky content,1,"Topic 2: content, slide, work, group",0.48588655342213927
54,Male,Group C,4.3636,neutral,introduction to Kubernetes labs and the different levels and bonus marks break the units into smaller chuncks so that the slides are not so long .,introduction kubernetes lab different level bonus mark break unit smaller chuncks slide long,1,"Topic 2: content, slide, work, group",0.863466177307179
55,Male,Group C,4.2727,neutral,"the labs had notebooks where we could learn from, Real life applications The slides are too bulky making it discouraging to read",lab notebook could learn real life application slide bulky making discouraging read,3,"Topic 4: topic, lab, data, practical",0.9190834216213151
56,Male,Group C,2.9091,negative,"Timeliness, group work Less difficult cats",timeliness group work less difficult cat,1,"Topic 2: content, slide, work, group",0.8392135243331004
57,Male,Group C,5.0,positive,Learning more on postman How to predict stocks Visualization of data Using r studio,learning postman predict stock visualization data using studio,3,"Topic 4: topic, lab, data, practical",0.8656963020919416
58,Female,Group C,4.1818,neutral,"None, everything is okay Natural Language Processing The lab instructions The group works The practical examples used. The journals To reduce the content a bit",none everything okay natural language processing lab instruction group work practical example used journal reduce content bit,1,"Topic 2: content, slide, work, group",0.9413499820585877
59,Male,Group C,5.0,positive,More depth into Power BI Quizzes at the end of each module. Labs for each module. Some form of certification after completing the course.,depth power quiz end module lab module form certification completing course,4,"Topic 5: lab, module, work, depth",0.9188304611614094
60,Male,Group C,4.9091,positive,None in my opinion All are perfectly developed in the curriculum Participative class and involving labs Shorter documents as slides,none opinion perfectly developed curriculum participative class involving lab shorter document slide,3,"Topic 4: topic, lab, data, practical",0.8846468145809595
61,Female,Group C,4.8182,positive,"1. Practical Application of Concepts: I liked that the course didn’t just focus on theory but also emphasized hands-on learning. Using real-world datasets and BI tools allowed me to see how concepts like data visualization, dashboards, and reporting apply directly to business decision-making. 2.Interactive Learning Environment: I appreciated how the teaching encouraged interaction through discussions, case studies, and group projects. This approach helped me understand complex topics like data analytics, predictive modeling, and KPIs more effectively because I could learn from both the lecturer and my peers.",practical application concept liked course focus theory also emphasized hand learning using real world datasets tool allowed see concept like data visualization dashboard reporting apply directly business decision making interactive learning environment appreciated teaching encouraged interaction discussion case study group project approach helped understand complex topic like data analytics predictive modeling kpis effectively could learn lecturer peer,3,"Topic 4: topic, lab, data, practical",0.9011416025346974
62,Female,Group C,4.5455,neutral,It's okay The group works The content Please the notes are alot and if it's a sitin cat if alot is covered kindly consider open book cats.,okay group work content please note alot sitin cat alot covered kindly consider open book cat,1,"Topic 2: content, slide, work, group",0.9106786585780979
63,Male,Group C,4.7273,positive,The ones that are there are already enough It is very practical. Every topic had a lab. There is so much content in this unit as a whole and the theory becomes hard to grasp,one already enough practical every topic lab much content unit whole theory becomes hard grasp,1,"Topic 2: content, slide, work, group",0.6037915057887069
64,Female,Group C,4.6364,positive,None. The topics that are already there are quite exhaustive and cover pretty much what I thought entailed BI Regression and classification. The module was quite hard to understand especially the different types of Regression models The material was delivered well. Like even though some topics were quite hard to understand the lecturer explained the content well without assuming we knew stuff. The assignments given were good. Like they were comprehensive enough buy not too stressful to do The answers for the quiz should be provided after like we've done them for revision purposes,none topic already quite exhaustive cover pretty much thought entailed regression classification module quite hard understand especially different type regression model material delivered well like even though topic quite hard understand lecturer explained content well without assuming knew stuff assignment given good like comprehensive enough buy stressful answer quiz provided like done revision purpose,1,"Topic 2: content, slide, work, group",0.838879906404363
65,Male,Group C,4.7273,positive,It was more of practical than theory To reduce the contents of the notes the pages are too much,practical theory reduce content note page much,1,"Topic 2: content, slide, work, group",0.863632137412272
66,Male,Group C,4.0,neutral,"data governance none , i think all topics are appropriate to this level The labs were engaging The classes were lively take away assignments",data governance none think topic appropriate level lab engaging class lively take away assignment,3,"Topic 4: topic, lab, data, practical",0.9188220320592985
67,Male,Group C,4.0909,neutral,I am content Null It was vast and informative It exposed me to very interesting knowledge Less slides,content null vast informative exposed interesting knowledge less slide,1,"Topic 2: content, slide, work, group",0.8396176997189636
68,Male,Group C,4.2727,neutral,Interactive and Engaging,interactive engaging,0,"Topic 1: lab, taught, assignment, concept",0.7320938982134005
69,Female,Group C,4.6364,positive,I feeel like databases and any information concerning databases none I liked that it was more practical it keeps the unit interesting other than learning theory online I liked that the lecturer had a lot of course work for us that will help boost our grades I feel like for this unit it should be held in parts of the school where the WIFI is stable,feeel like database information concerning database none liked practical keep unit interesting learning theory online liked lecturer lot course work help boost grade feel like unit held part school wifi stable,3,"Topic 4: topic, lab, data, practical",0.7112925735453605
70,Male,Group C,4.6364,positive,"I think the course exceeded my expectations and I'm really happy with the topics None in my opinion I loved that most of these concepts were tied down to a real world application I also liked that the lecturer created pre-designed labs to help us understand a concept, before attempting it on our own Breaking down of topics with many slides will help. I think the brain gets drained when we see very many slides on one topic alone",think course exceeded expectation really happy topic none opinion loved concept tied real world application also liked lecturer created pre designed lab help understand concept attempting breaking topic many slide help think brain get drained see many slide one topic alone,3,"Topic 4: topic, lab, data, practical",0.7889627066244235
71,Male,Group C,4.6364,positive,"More labs for Power BI in regard to using DAX Functions and quick measure, Power Query + scripting module, which would be a useful dashboarding skill for aspiring data analysts. More lab explanations on Docker and its practical implementation, with the use of LLMs. Heavy OLAP cube design (multi-week focus on MOLAP/ROLAP) and Deep theoretical proofs in data warehousing (formal normalisation proofs, algorithmic complexity proofs) and technologies like Apache Kafka. Clear and structured presentation of complex information, making it easier to understand key concepts and data. More Interactive classes with an emphasis on visual aids to explain complex topics, e.g., videos, Case studies, and real-life applications of the technologies and tools, and their relevance. Practical focus on real-world applications and strategic insights, which helps connect theory to actionable outcomes.",lab power regard using dax function quick measure power query scripting module would useful dashboarding skill aspiring data analyst lab explanation docker practical implementation use llm heavy olap cube design multi week focus molap rolap deep theoretical proof data warehousing formal normalisation proof algorithmic complexity proof technology like apache kafka clear structured presentation complex information making easier understand key concept data interactive class emphasis visual aid explain complex topic video case study real life application technology tool relevance practical focus real world application strategic insight help connect theory actionable outcome,3,"Topic 4: topic, lab, data, practical",0.953854233237917
72,Female,Group C,4.4545,neutral,"I think I'm satisfied with the curriculum The videos we watched explaining how some of the concepts we learn are implemented in the real world I also liked the topic on time series forecasting, and the use case we focused on: the stock market. For topics with large content, it would be better to break down the slides. Reading notes from more than 200 slides can be daunting mentally.",think satisfied curriculum video watched explaining concept learn implemented real world also liked topic time series forecasting use case focused stock market topic large content would better break slide reading note slide daunting mentally,3,"Topic 4: topic, lab, data, practical",0.9699222995596324
73,Male,Group C,4.5455,neutral,Data Science if it were to be condensed into a singular topic 1. The lecturer was quite graceful in explaining different topics and the required lab work. 2. The lab work was a bit hectic. Trying to go through each module while simultaneously covering theoretical practices was difficult. Lab submissions should be made a little easier for the next groups.,data science condensed singular topic lecturer quite graceful explaining different topic required lab work lab work bit hectic trying module simultaneously covering theoretical practice difficult lab submission made little easier next group,3,"Topic 4: topic, lab, data, practical",0.593174968085058
74,Female,Group C,4.0909,neutral,I liked that the lecturer would stop during the lecture and ask questions to the students. I also liked that we had quizzes at the end of each module.,liked lecturer would stop lecture ask question student also liked quiz end module,3,"Topic 4: topic, lab, data, practical",0.8442893822233287
75,Male,Group C,4.0,neutral,"A separate application topic that links all the topics to real life jobs, rather than the end of every topic or in-between.Should not be examinable but should give the learner a more focused topic on how a topic can be used outside learning (reducing forgetfulness) 1. Having the online class as the teaching class and the physical class as the practical class. (Helps enhanced understanding since any problem would be instantly helped and you usually repeat what you said in the online class as you show it practically) 2. The labs were a good source of understanding Less slides, a manageable amount for reading for exams should probably be released at the end of the semester",separate application topic link topic real life job rather end every topic examinable give learner focused topic topic used outside learning reducing forgetfulness online class teaching class physical class practical class help enhanced understanding since problem would instantly helped usually repeat said online class show practically lab good source understanding less slide manageable amount reading exam probably released end semester,3,"Topic 4: topic, lab, data, practical",0.9787503156330876
76,Male,Group C,3.0,negative,None in mind None in mind The lab exposure None to comment,none mind none mind lab exposure none comment,2,"Topic 3: concept, understand, lecturer, lab",0.7993642468987995
77,Male,Group A,4.2727,neutral,"Automation, Cybersecurity, ethics, data privacy, Convolutional neural network, Machine Learning, Penetration Testing Relational Database, Non relational Database The Quizs, The Coding part Reduce the Notes Pleaaseeee!!!!! A lot of Content you can imagine 200-300 slides to read, this is a bit much Also To Teach us how code or explain the Lab submission Requirement",automation cybersecurity ethic data privacy convolutional neural network machine learning penetration testing relational database non relational database quiz coding part reduce note pleaaseeee lot content imagine slide read bit much also teach code explain lab submission requirement,1,"Topic 2: content, slide, work, group",0.9614346108221631
78,Male,Group C,5.0,positive,"Advanced Querying and Data Modeling Hands-on, Practical Learning, Clear Guidance and Structured Content Include more real-world case studies or industry-based projects",advanced querying data modeling hand practical learning clear guidance structured content include real world case study industry based project,3,"Topic 4: topic, lab, data, practical",0.9459204966783712
79,Female,Group C,3.5455,negative,"Not any I know of None, all seem relevant for now I liked the group work and the github collaborations for lab assignment The number of slides tends to feel very overhwhelming.",know none seem relevant liked group work github collaboration lab assignment number slide tends feel overhwhelming,3,"Topic 4: topic, lab, data, practical",0.7069629165108432
80,Female,Group C,4.0,neutral,None from me The curriculum is okay Group work and assignments None from me,none curriculum okay group work assignment none,1,"Topic 2: content, slide, work, group",0.8647360096511576
81,Female,Group C,4.6364,positive,AI Forecasting The many course materials and coursework that helped deepen understanding,forecasting many course material coursework helped deepen understanding,4,"Topic 5: lab, module, work, depth",0.8653520618324548
82,Male,Group B,4.6364,positive,No Practical Application in NVDIA stock .,practical application nvdia stock,3,"Topic 4: topic, lab, data, practical",0.7958638936942425
83,Male,Group B,2.9091,negative,I think everything was covered The lec planned his lessons really well The notes were descriptive enough to understand the unit Maybe try lessen some of the notes.,think everything covered lec planned lesson really well note descriptive enough understand unit maybe try lessen note,1,"Topic 2: content, slide, work, group",0.8376701995989719
84,Male,Group B,4.6364,positive,none none content delivery / further reading documents none as for now,none none content delivery reading document none,1,"Topic 2: content, slide, work, group",0.7989466175001846
85,Male,Group B,3.9091,neutral,"No idea No idea Lab work data analysis docker,apis Less assignments makes the unit hectic",idea idea lab work data analysis docker apis less assignment make unit hectic,3,"Topic 4: topic, lab, data, practical",0.8298727717082783
86,Female,Group B,4.4545,neutral,i have none tto suggest none standard to my career path the teaching was okay,none tto suggest none standard career path teaching okay,3,"Topic 4: topic, lab, data, practical",0.48726968554857686
87,Female,Group B,5.0,positive,The work was well explained and I understood it. The notebooks were good way to learn the implementation.,work well explained understood notebook good way learn implementation,4,"Topic 5: lab, module, work, depth",0.8992433261491236
88,Male,Group B,4.4545,neutral,Dashboarding should be taught in Business Intelligence II than I Regression should be removed from BI I The lecturer explained extensively all the topics and guided during the lab assignments. More of lab tutorials,dashboarding taught business intelligence regression removed lecturer explained extensively topic guided lab assignment lab tutorial,0,"Topic 1: lab, taught, assignment, concept",0.46932359952866337
89,Female,Group B,4.0,neutral,"I don't have any recommendations. Not removed, but made easier to learn is data engineering, especially using Docker. I liked the end-of-module quizzes and the lab assignments To have the end of topic journals",recommendation removed made easier learn data engineering especially using docker liked end module quiz lab assignment end topic journal,3,"Topic 4: topic, lab, data, practical",0.9556741071979469
90,Male,Group B,4.7273,positive,Data Sciece none Course delivery by the lecturer the way we separate theory and practical classes More introduction to new Tools and softwares.,data sciece none course delivery lecturer way separate theory practical class introduction new tool software,3,"Topic 4: topic, lab, data, practical",0.843506587941765
91,Female,Group B,5.0,positive,None at the moment None all were relevant The course was taught extensively The course allowed me to have hands on experience through lab work None at the moment,none moment none relevant course taught extensively course allowed hand experience lab work none moment,0,"Topic 1: lab, taught, assignment, concept",0.925758477153686
92,Female,Group B,4.6364,positive,Sijui classes start and end on time The lectures are well taught I have none,sijui class start end time lecture well taught none,3,"Topic 4: topic, lab, data, practical",0.6980789357616561
93,Male,Group B,4.9091,positive,"Transformers should be added as a separate focused topic. None. I enjoyed the labs and the quizzes Some of the tools did not run properly on school laptops, If this could be addressed for all future students, it would greatly improve the unit reception.",transformer added separate focused topic none enjoyed lab quiz tool run properly school laptop could addressed future student would greatly improve unit reception,3,"Topic 4: topic, lab, data, practical",0.9327075739032525
94,Male,Group B,3.1818,negative,"Deep learning, Ethical AI and Data Governance, Cloud-Based BI Tools and Platforms Emphasis on Hands-on Projects, Integration of Business Context Replace a traditional final exam or large individual project with a team-based capstone project where students treat an instructor-provided dataset/scenario as a client request",deep learning ethical data governance cloud based tool platform emphasis hand project integration business context replace traditional final exam large individual project team based capstone project student treat instructor provided dataset scenario client request,0,"Topic 1: lab, taught, assignment, concept",0.6425669237293989
95,Male,Group B,4.6364,positive,connecting BI with cloud such as AWS R notebooks The balance between theory and practical lab sessions. The instructor’s clear explanations. Include more project-based assessments or group case studies using real business datasets,connecting cloud aws notebook balance theory practical lab session instructor clear explanation include project based assessment group case study using real business datasets,3,"Topic 4: topic, lab, data, practical",0.95961804561979
96,Female,Group B,4.0,neutral,Power BI as a module Group work and communication The slides were lengthy,power module group work communication slide lengthy,1,"Topic 2: content, slide, work, group",0.8642626499336611
97,Female,Group B,2.6364,negative,none nonr it was interesting he’s so strict,none nonr interesting strict,1,"Topic 2: content, slide, work, group",0.5995926417748538
98,Female,Group B,3.6364,negative,"integration of BI tools with cloud platforms (such as AWS, Azure, or Google Cloud) real-world BI case studies and Power BI dashboard storytelling. None necessarily need to be removed The practical approach by using different tools like Docker and Power BI, made it easier to connect theory with application. The course helped me identify areas I can apply Business Intelligence in the future A better way of communicating theory.. sometimes the content is too much making it too much information to process and understand at once",integration tool cloud platform aws azure google cloud real world case study power dashboard storytelling none necessarily need removed practical approach using different tool like docker power made easier connect theory application course helped identify area apply business intelligence future better way communicating theory sometimes content much making much information process understand,3,"Topic 4: topic, lab, data, practical",0.9633689512577501
99,Female,Group B,4.5455,neutral,I can't think of any All topics were relevant Lecture slides and lab instructions Use some classes to summarize/revise the topic in addition to the quizzes atleast have a class discussion where students are free to ask questions abt the completed topic and get more clarification and better understanding especially for labs,think topic relevant lecture slide lab instruction use class summarize revise topic addition quiz atleast class discussion student free ask question abt completed topic get clarification better understanding especially lab,3,"Topic 4: topic, lab, data, practical",0.9583633624496747
100,Female,Group B,4.2727,neutral,More topics related to R and power BI Involvement in learning and practice with the lab works More assignments and quizzes for more active engagement with the unit,topic related power involvement learning practice lab work assignment quiz active engagement unit,3,"Topic 4: topic, lab, data, practical",0.9260554310907217
101,Male,Group B,3.4545,negative,"none none Separation of theory and practical subject between online and physical classes respectively, gides through practical labs Less software-intensive alternatives, (e.g avoiding using applications like Docker)",none none separation theory practical subject online physical class respectively gide practical lab less software intensive alternative avoiding using application like docker,3,"Topic 4: topic, lab, data, practical",0.9324012573364436
102,Male,Group B,4.2727,neutral,No not really No not really The practical exercises and assignments helped me apply theoretical concepts to real-world scenarios. To be honest the lesson and lectures everything went smoothly,really really practical exercise assignment helped apply theoretical concept real world scenario honest lesson lecture everything went smoothly,0,"Topic 1: lab, taught, assignment, concept",0.5035239206207426
103,Female,Group B,3.0909,negative,none SML Models the lab assignments and the reflective journal i don't have any recommendations,none sml model lab assignment reflective journal recommendation,0,"Topic 1: lab, taught, assignment, concept",0.8840874461350434
104,Male,Group B,4.0909,neutral,I have no input. I feel like they all contributed adequately enough I liked the emphasis on practical understanding. Mr. Omondi is very dedicated to delivering the content well which I appreciate. Reduce the number of slides in BI 1 lecture notes. Most of them are inflated to be honest but the number of slides can be demoralizing to a student. If there is a way to reduce the number of slides while still maintaining the content it will positively impact the students of the future.,input feel like contributed adequately enough liked emphasis practical understanding omondi dedicated delivering content well appreciate reduce number slide lecture note inflated honest number slide demoralizing student way reduce number slide still maintaining content positively impact student future,1,"Topic 2: content, slide, work, group",0.49974901680526485
105,Male,Group B,2.0,negative,Interesting,interesting,1,"Topic 2: content, slide, work, group",0.5995926417748538
106,Male,Group B,2.9091,negative,none The group work labs and the lecture slides It would be better for lecturers to take students through labs in a clearer way by simplifying the steps or give explanations on why this should be done and the impact. This is because one would finish the lab without understanding the true objective or how to apply it.,none group work lab lecture slide would better lecturer take student lab clearer way simplifying step give explanation done impact one would finish lab without understanding true objective apply,3,"Topic 4: topic, lab, data, practical",0.9511333692560489
107,Male,Group B,4.3636,neutral,There was room for further research and group work So far so good,room research group work far good,1,"Topic 2: content, slide, work, group",0.8654871136001849
108,Male,Group B,3.5455,negative,. Advanced Analytics & Visualization Why: Visualization tools are now gateways to storytelling and insight generation. I liked the lab work and the assignments review More reviewing of the lab work to ensure proper understanding to the students,advanced analytics visualization visualization tool gateway storytelling insight generation liked lab work assignment review reviewing lab work ensure proper understanding student,3,"Topic 4: topic, lab, data, practical",0.9459587110472311
109,Male,Group B,4.4545,neutral,"The topics are detailed, i don't have any so far All are fine, nothing should be removed Detailed content in this unit Labs that are helpful When it comes to specializations in 4th year, the knowledge on BI should be readily available to students before the said year. This will help them have a rough idea of what the unit is about.",topic detailed far fine nothing removed detailed content unit lab helpful come specialization year knowledge readily available student said year help rough idea unit,3,"Topic 4: topic, lab, data, practical",0.9492631059010636
110,Male,Group B,4.3636,neutral,"Mathematics for Machine Learning. The DataOps philosophy Enjoyed the detailed lab manuals and practical sessions. The detailed notes in each topic and diagrams. Better integration of Slack in the workflow (i.e utilizing it in labs, etc).",mathematics machine learning dataops philosophy enjoyed detailed lab manual practical session detailed note topic diagram better integration slack workflow utilizing lab etc,3,"Topic 4: topic, lab, data, practical",0.9420021468197652
111,Male,Group B,4.0,neutral,none none time series how it helps in business corporations using IT less notes,none none time series help business corporation using less note,3,"Topic 4: topic, lab, data, practical",0.8847238092638781
112,Male,Group B,3.8182,negative,"Topics dealing with trading, understanding of different type of markets and blockchain None not topics. The in-depth explanations. The lab manuals on the topics being covered More real world referencing",topic dealing trading understanding different type market blockchain none topic depth explanation lab manual topic covered real world referencing,3,"Topic 4: topic, lab, data, practical",0.9372882082303706
113,Male,Group B,4.2727,neutral,"MCP AI Agents I enjoyed the practical aspect of the teaching, especially the labs and group work for each module. I enjoyed the fact that we have access to the notes from early so you can read ahead and/or follow along in class. I enjoyed the fact that labs were group based and we had ample time to do them. I think reflections should be graded once at the end of the semester or at least 1 week following the end of the module to give students enough time to thoroughly reflect on the content.",mcp agent enjoyed practical aspect teaching especially lab group work module enjoyed fact access note early read ahead follow along class enjoyed fact lab group based ample time think reflection graded end semester least week following end module give student enough time thoroughly reflect content,3,"Topic 4: topic, lab, data, practical",0.9714686809214597
114,Male,Group B,3.6364,negative,Cloud-Based Business Intelligence I liked the labs they were engaging and learned a little bit of python I liked the that lecture slides were consise for BI 2 I would recommend more on considering students and placing dealines that one can submit late but not extremely late and not being given mising marks even if they did the work.,cloud based business intelligence liked lab engaging learned little bit python liked lecture slide consise would recommend considering student placing dealines one submit late extremely late given mising mark even work,3,"Topic 4: topic, lab, data, practical",0.9520993845833162
115,Male,Group B,2.9091,negative,I have none to suggest they are all okay 1. I liked the labs we did 2. The quality of teaching shorter lecture notes,none suggest okay liked lab quality teaching shorter lecture note,3,"Topic 4: topic, lab, data, practical",0.9095095411769567
116,Female,Group B,4.2727,neutral,Not topics but atleast making the notes abit more shorter that BI I The lecturer and the unit itself,topic atleast making note abit shorter lecturer unit,3,"Topic 4: topic, lab, data, practical",0.7769623433547198
117,Female,Group B,2.8182,negative,"I have none in mind, was thoroughly content with the topics I learnt during this course unit. None; I think all the topics were necessary in understanding the foundation and application of business intelligence. I enjoyed my own personal studying of the course unit, that is, the research that I had to do trying to understand the concepts in the course. I enjoyed the lab work as well; it helped in gaining better understanding of the application of the concepts learnt in class. Having better structured slides that are detailed in a simple manner for better understanding, the current slides make the topics seem so complicated when it's not, also they are not very dependable when doing revision which is a bummer!!!",none mind thoroughly content topic learnt course unit none think topic necessary understanding foundation application business intelligence enjoyed personal studying course unit research trying understand concept course enjoyed lab work well helped gaining better understanding application concept learnt class better structured slide detailed simple manner better understanding current slide make topic seem complicated also dependable revision bummer,3,"Topic 4: topic, lab, data, practical",0.896696631483037
118,Male,Group B,4.7273,positive,Learned how businesses use data to drive their operations. Make the course more hands on,learned business use data drive operation make course hand,3,"Topic 4: topic, lab, data, practical",0.8845971533932728
119,Male,Group B,4.2727,neutral,I dont think any I feel some should be discussed more or given more in depth for proper understanding The lecturer made sure ylu understand before proceeding The end quizzes were a good way of remembering what we covered On the journals ... im having an issue with the lecturer viewimg my work... hence im not being graded ... maybe to find a way to make that more seemless ... cause ive raised the issue and theres a lot of friction in it being handled,dont think feel discussed given depth proper understanding lecturer made sure ylu understand proceeding end quiz good way remembering covered journal issue lecturer viewimg work hence graded maybe find way make seemless cause ive raised issue there lot friction handled,4,"Topic 5: lab, module, work, depth",0.8717511353076506
120,Male,Group B,4.7273,positive,I have no reservations on this I have no reservations on this I having practical labs to use real world tools and data to put the concepts I learn in class into practice. I enjoyed how practical examples where used to try and explain complex BI concepts. I have no reservations on this,reservation reservation practical lab use real world tool data put concept learn class practice enjoyed practical example used try explain complex concept reservation,3,"Topic 4: topic, lab, data, practical",0.8164941492026628
121,Female,Group C,4.1818,neutral,"Add more topics on Artificial Intelligence and how it integrates with Business Intelligence None actually since the current topics are relevant and useful. The teaching was clear and engaging, and the examples made the lessons easy to understand as well as the engaging quizzes and lab works . I would probably recommend that more practical case studies or projects to apply BI concepts in real world scenarios should be included",add topic artificial intelligence integrates business intelligence none actually since current topic relevant useful teaching clear engaging example made lesson easy understand well engaging quiz lab work would probably recommend practical case study project apply concept real world scenario included,3,"Topic 4: topic, lab, data, practical",0.9168989315622771
122,Female,Group B,3.0,negative,The lab works were very important At least to assist in the lab works especially before submission,lab work important least assist lab work especially submission,1,"Topic 2: content, slide, work, group",0.48962548083790464
123,Female,Group B,3.8182,negative,Maybe Deep Learning the data engineering (with Docker) I liked the quizzes and The BI2 topics. Be more step by step for practical and also the number of slides,maybe deep learning data engineering docker liked quiz topic step step practical also number slide,1,"Topic 2: content, slide, work, group",0.9458919814119211
124,Male,Group C,4.9091,positive,Computer Vision Mode of content delivery and practical lab exercises More individual assignments,computer vision mode content delivery practical lab exercise individual assignment,1,"Topic 2: content, slide, work, group",0.8967329114438028
125,Female,Group C,4.8182,positive,N/a N/a The lab work and reflective journal after each module and the way concepts were taught N/a,lab work reflective journal module way concept taught,4,"Topic 5: lab, module, work, depth",0.6180308544915791
126,Female,Group C,5.0,positive,Doing the labwork and learning new concepts We should have done a power BI certification,labwork learning new concept done power certification,4,"Topic 5: lab, module, work, depth",0.7433557591665659
127,Female,Group C,3.3636,negative,Regression Ml modelling,regression modelling,1,"Topic 2: content, slide, work, group",0.5986188299669855
128,Male,Group C,4.2727,neutral,No opinion on the matter No opinion on the matter Incredibly detailed. No opinion on the matter,opinion matter opinion matter incredibly detailed opinion matter,3,"Topic 4: topic, lab, data, practical",0.8395063811449436
129,Male,Group A,4.3636,neutral,"Data Governance and Ethics Straight forward content Deep dive knowledge of the content Reduce the number of lecture slides, some content can be placed on 1 or two pages.",data governance ethic straight forward content deep dive knowledge content reduce number lecture slide content placed two page,1,"Topic 2: content, slide, work, group",0.9381061612668052
130,Female,Group A,4.0,neutral,I don't have any in mind the practical enabled me to understand the concept being taught Have more labs where we are having one on one with the lecturer especially APIs,mind practical enabled understand concept taught lab one one lecturer especially apis,2,"Topic 3: concept, understand, lecturer, lab",0.9198227862105977
